<selector xmlns:android="http://schemas.android.com/apk/res/android">
    <item android:state_pressed="true">
        <shape android:shape="rectangle">
            <solid android:color="#666666" /> <!-- Darker gray color when pressed -->
            <corners android:radius="8dp" />
        </shape>
    </item>
    <item>
        <shape android:shape="rectangle">
            <solid android:color="#444444" /> <!-- Dark gray color for default state -->
            <corners android:radius="8dp" />
        </shape>
    </item>
</selector>
